,test_accuracy,fgsm_accuracy,epsilon
0,95.95352564102564,34.91586538461539,0.05
