,test_accuracy,fgsm_accuracy,epsilon
0,96.45432692307693,58.38341346153846,0.05
