,test_accuracy,fgsm_accuracy,epsilon
0,10.346554487179487,19.461137820512818,0.05
