,test_accuracy,fgsm_accuracy,epsilon
0,95.28245192307693,30.478766025641026,0.05
