,test_accuracy,fgsm_accuracy,epsilon
0,96.5244391025641,51.462339743589745,0.05
