,test_accuracy,fgsm_accuracy,epsilon
0,96.14383012820514,45.89342948717949,0.05
