,test_accuracy,fgsm_accuracy,epsilon
0,96.78485576923077,58.01282051282052,0.05
