,test_accuracy,fgsm_accuracy,epsilon
0,96.81490384615384,42.45793269230769,0.05
