,test_accuracy,fgsm_accuracy,epsilon
0,96.2139423076923,51.642628205128204,0.05
