,test_accuracy,fgsm_accuracy,epsilon
0,96.54447115384616,37.43990384615385,0.05
