,test_accuracy,fgsm_accuracy,epsilon
0,94.9619391025641,29.366987179487182,0.05
