,test_accuracy,fgsm_accuracy,epsilon
0,96.59455128205127,38.79206730769231,0.05
