,test_accuracy,fgsm_accuracy,epsilon
0,96.4042467948718,55.62900641025641,0.05
