,test_accuracy,fgsm_accuracy,epsilon
0,97.13541666666666,43.78004807692308,0.05
