,test_accuracy,fgsm_accuracy,epsilon
0,96.84495192307693,64.74358974358975,0.05
