,test_accuracy,fgsm_accuracy,epsilon
0,96.27403846153845,45.53285256410257,0.05
