,test_accuracy,fgsm_accuracy,epsilon
0,96.81490384615384,62.790464743589745,0.05
