,test_accuracy,fgsm_accuracy,epsilon
0,96.64463141025641,56.901041666666664,0.05
