,test_accuracy,fgsm_accuracy,epsilon
0,95.29246794871796,30.148237179487182,0.05
