,test_accuracy,fgsm_accuracy,epsilon
0,96.3641826923077,34.70552884615385,0.05
