,test_accuracy,fgsm_accuracy,epsilon
0,93.19911858974359,21.794871794871796,0.05
