,test_accuracy,fgsm_accuracy,epsilon
0,96.6045673076923,35.56690705128205,0.05
